Id,Demand,Payment,Payment_Demand_Ratio
4,2892,3158770,1092.244121715076
0,2047,2235248,1091.962872496336
2,2638,2803134,1062.598180439727
3,2183,2314871,1060.4081539166284
1,2631,2569632,976.6750285062714
